Sketchbook,Name,Collected
Infinite Painter,Name,Collected
PaperColor,Name,Collected
Infinite Design,Name,Collected
Pixel Studio: pixel art editor,Name,Collected
Ai Anime Face Changer,Name,Collected
"Mockup Creator, T-shirt Design",Name,Collected
Mi Pedido Arabela,Name,Collected
Haircuts Men 2023,Name,Collected
Ulta Beauty: Makeup & Skincare,Name,Collected
"Librera Reader: for PDF, EPUB",Name,Collected
WebNovel,Name,Collected
How to Draw XXXTentacion,Name,Collected
Docx Reader PDF Viewer Word,Name,Collected
"Vault - Hide Pics, App Lock",Name,Collected
Recargas tu Cell,Name,Collected
WipRecargas,Name,Collected
EverConnect,Name,Collected
"Resume Builder App, CV maker",Name,Collected
Bang Browser-All Video downloa,Name,Collected
WAMR: Undelete messages!,Name,Collected
Getcontact,Name,Collected
Once: Perfect Match and Dates,Name,Collected
eharmony dating & real love,Name,Collected
"Mobifriends: Date, meet people",Name,Collected
ColombianCupid Colombia Dating,Name,Collected
SURE - Smart Home and TV Unive,Name,Collected
tinyCam Monitor,Name,Collected
Home Security Camera WardenCam,Name,Collected
Vivitar Smart Home Security,Name,Collected
ActiveBuilding,Name,Collected
AQ STAR,Name,Collected
Pets4Homes,Name,Collected
ASTRO File Manager & Cleaner,Name,Collected
Cx File Explorer,Name,Collected
Amaze File Manager,Name,Collected
File Manager File Explorer,Name,Collected
File Manager - File Explorer,Name,Collected
EX File Manager :File Explorer,Name,Collected
PixelLab - Text on pictures,Name,Collected
Cymera - Photo Editor Collage,Name,Collected
Retrica,Name,Collected
Mobizen Screen Recorder,Name,Collected
Apps Manager - Your Play Store,Name,Collected
TeamViewer QuickSupport,Name,Collected
WiFi Passwords Map Instabridge,Name,Collected
RecargaMarcas TAE,Name,Collected
ColorNote Notepad Notes,Name,Collected
PromoDescuentos: ofertas,Name,Collected
"Fetch: Have Fun, Save Money",Name,Collected
AppsFree,Name,Collected
Shopee PH: Shop this 12.12,Name,Collected
hotukdeals - Deals & Discounts,Name,Collected
Text Free: Call & Texting App,Name,Collected
HOLLA - Live Random Video Chat,Name,Collected
Cx File Explorer,Name,Collected
fitpro,Name,Collected
BBC Weather,Name,Collected
WBKO First Alert Weather,Name,Collected
Doppler 9&10 Weather Team,Name,Collected
myCuaca,Name,Collected
WSFA First Alert Weather,Name,Collected
Sketchbook,Address,Collected
Infinite Painter,Address,Collected
How to Draw Anime Eyes,Address,Collected
Infinite Design,Address,Collected
Ai Anime Face Changer,Address,Collected
Maskot - Gaming Logo Maker,Address,Collected
"Mockup Creator, T-shirt Design",Address,Collected
Spiral Photo & Video Editor,Address,Collected
Long Nail Designs,Address,Collected
"Librera Reader: for PDF, EPUB",Address,Collected
WebNovel,Address,Collected
How to Draw XXXTentacion,Address,Collected
Docx Reader PDF Viewer Word,Address,Collected
"Vault - Hide Pics, App Lock",Address,Collected
Recargas tu Cell,Address,Collected
WipRecargas,Address,Collected
"Resume Builder App, CV maker",Address,Collected
Google Chrome: Fast & Secure,Address,Collected
Bang Browser-All Video downloa,Address,Collected
WAMR: Undelete messages!,Address,Collected
Getcontact,Address,Collected
eharmony dating & real love,Address,Collected
ColombianCupid Colombia Dating,Address,Collected
SURE - Smart Home and TV Unive,Address,Collected
tinyCam Monitor,Address,Collected
"PRIME Wire and Cable, Inc.",Address,Collected
Vivitar Smart Home Security,Address,Collected
AQ STAR,Address,Collected
Remote Control for Roku TV,Address,Collected
myChevrolet,Address,Collected
Pets4Homes,Address,Collected
The Badass App,Address,Collected
Degoo: 20 GB Cloud Storage,Address,Collected
pCloud: Cloud Storage,Address,Collected
ASTRO File Manager & Cleaner,Address,Collected
Cx File Explorer,Address,Collected
AnExplorer TV File Manager,Address,Collected
Amaze File Manager,Address,Collected
File Manager File Explorer,Address,Collected
File Manager - File Explorer,Address,Collected
EX File Manager :File Explorer,Address,Collected
PixelLab - Text on pictures,Address,Collected
Retrica,Address,Collected
Mobizen Screen Recorder,Address,Collected
WhatTheFont,Address,Collected
Apps Manager - Your Play Store,Address,Collected
"WPS Office-PDF,Word,Sheet,PPT",Address,Collected
TeamViewer QuickSupport,Address,Collected
WiFi Passwords Map Instabridge,Address,Collected
ColorNote Notepad Notes,Address,Collected
PromoDescuentos: ofertas,Address,Collected
"Fetch: Have Fun, Save Money",Address,Collected
AppsFree,Address,Collected
Kimovil,Address,Collected
Mercari: Your Marketplace,Address,Collected
Shopee PH: Shop this 12.12,Address,Collected
hotukdeals - Deals & Discounts,Address,Collected
Kijiji: Buy and sell local,Address,Collected
Plenty of Fish Dating App,Address,Collected
Text Free: Call & Texting App,Address,Collected
HOLLA - Live Random Video Chat,Address,Collected
NGL: anonymous q&a,Address,Collected
1Weather: Forecast & Radar,Address,Collected
WBKO First Alert Weather,Address,Collected
Doppler 9&10 Weather Team,Address,Collected
myCuaca,Address,Collected
WSFA First Alert Weather,Address,Collected
Weather & Clock Widget,Address,Collected
PaperColor,Email address,Collected
Ulta Beauty: Makeup & Skincare,Email address,Collected
WebNovel,Email address,Collected
Bang Browser-All Video downloa,Email address,Collected
eharmony dating & real love,Email address,Collected
"PRIME Wire and Cable, Inc.",Email address,Collected
AQ STAR,Email address,Collected
Degoo: 20 GB Cloud Storage,Email address,Collected
ASTRO File Manager & Cleaner,Email address,Collected
File Manager File Explorer,Email address,Collected
PixelLab - Text on pictures,Email address,Collected
Retrica,Email address,Collected
"WPS Office-PDF,Word,Sheet,PPT",Email address,Collected
TeamViewer QuickSupport,Email address,Collected
WiFi Passwords Map Instabridge,Email address,Collected
ColorNote Notepad Notes,Email address,Collected
PromoDescuentos: ofertas,Email address,Collected
"Fetch: Have Fun, Save Money",Email address,Collected
Kimovil,Email address,Collected
Shopee PH: Shop this 12.12,Email address,Collected
hotukdeals - Deals & Discounts,Email address,Collected
Kijiji: Buy and sell local,Email address,Collected
Plenty of Fish Dating App,Email address,Collected
HOLLA - Live Random Video Chat,Email address,Collected
WBKO First Alert Weather,Email address,Collected
Doppler 9&10 Weather Team,Email address,Collected
WSFA First Alert Weather,Email address,Collected
Microsoft Authenticator,Photos,Collected
Google Chrome: Fast & Secure,Photos,Collected
eharmony dating & real love,Photos,Collected
Text Free: Call & Texting App,Photos,Collected
Mi Pedido Arabela,Phone number,Collected
Ulta Beauty: Makeup & Skincare,Phone number,Collected
WebNovel,Phone number,Collected
"Vault - Hide Pics, App Lock",Phone number,Collected
Recargas tu Cell,Phone number,Collected
WipRecargas,Phone number,Collected
Getcontact,Phone number,Collected
ColombianCupid Colombia Dating,Phone number,Collected
"PRIME Wire and Cable, Inc.",Phone number,Collected
AQ STAR,Phone number,Collected
Pets4Homes,Phone number,Collected
PromoDescuentos: ofertas,Phone number,Collected
"Fetch: Have Fun, Save Money",Phone number,Collected
Plenty of Fish Dating App,Phone number,Collected
Text Free: Call & Texting App,Phone number,Collected
HOLLA - Live Random Video Chat,Phone number,Collected
WBKO First Alert Weather,Phone number,Collected
WSFA First Alert Weather,Phone number,Collected
Beauty Makeup Editor & Camera,Purchase history,Collected
pCloud: Cloud Storage,Purchase history,Collected
Cymera - Photo Editor Collage,Purchase history,Collected
ReadEra – book reader pdf epub,Diagnostics,Collected
Microsoft Authenticator,Videos,Collected
Google Chrome: Fast & Secure,Videos,Collected
Plenty of Fish Dating App,Videos,Collected
Microsoft Authenticator,Contacts,Collected
Google Chrome: Fast & Secure,Contacts,Collected
Vivitar Smart Home Security,Contacts,Collected
ColorNote Notepad Notes,Contacts,Collected
Text Free: Call & Texting App,Contacts,Collected
Microsoft Authenticator,Emails,Collected
Text Free: Call & Texting App,Emails,Collected
Hinge Dating App: Meet & Date,Sexual orientation,Collected
ColombianCupid Colombia Dating,Sexual orientation,Collected
SURE - Smart Home and TV Unive,Health info,Collected
Tuya Smart,Health info,Collected
Tuya Smart,Precise location,Collected
Shopee PH: Shop this 12.12,Precise location,Collected
1Weather: Forecast & Radar,Precise location,Collected
WZZM 13 Weather,Other info,Collected
Weather & Clock Widget,Calendar events,Collected
Adobe Express: Graphic Design,Name,Not Specified
Meme Generator Meme Maker,Name,Not Specified
LuLuApp,Name,Not Specified
Google Play Books & Audiobooks,Name,Not Specified
Side - flex jobs & temp work,Name,Not Specified
tellows - Caller ID & Block,Name,Not Specified
"UC Browser-Safe, Fast, Private",Name,Not Specified
Telegram,Name,Not Specified
Puffin Cloud Browser,Name,Not Specified
"UC Mini-Download Video Status ",Name,Not Specified
QQ,Name,Not Specified
Messenger Kids – The Messaging,Name,Not Specified
"Fotka - dating, chat and flirt",Name,Not Specified
Google Home,Name,Not Specified
TeraBox: Cloud Storage Space,Name,Not Specified
Proton Drive: Cloud Storage,Name,Not Specified
ESuper File Explorer,Name,Not Specified
File Manager,Name,Not Specified
RAR,Name,Not Specified
Video Editor & Maker - InShot,Name,Not Specified
Photoshop Express Photo Editor,Name,Not Specified
ToonMe - cartoons from photos,Name,Not Specified
Photo Editor,Name,Not Specified
NewProfilePic: Profile Picture,Name,Not Specified
Film Maker Pro - Movie Maker,Name,Not Specified
File Manager,Name,Not Specified
eBay: Online Shopping Deals,Name,Not Specified
Jack’d - Gay Chat & Dating,Name,Not Specified
noteit widget - by sendit,Name,Not Specified
REALITY-Become an Anime Avatar,Name,Not Specified
RAR,Name,Not Specified
Adobe Express: Graphic Design,Address,Not Specified
Meme Generator Meme Maker,Address,Not Specified
LuLuApp,Address,Not Specified
Google Play Books & Audiobooks,Address,Not Specified
Side - flex jobs & temp work,Address,Not Specified
tellows - Caller ID & Block,Address,Not Specified
Talkatone: Texting & Calling,Address,Not Specified
"UC Browser-Safe, Fast, Private",Address,Not Specified
"Brave Private Web Browser, VPN",Address,Not Specified
Psiphon Pro,Address,Not Specified
Telegram,Address,Not Specified
Puffin Cloud Browser,Address,Not Specified
"UC Mini-Download Video Status ",Address,Not Specified
"Fotka - dating, chat and flirt",Address,Not Specified
Pinterest,Address,Not Specified
Google Home,Address,Not Specified
Bagan - Myanmar Keyboard,Address,Not Specified
File Manager,Address,Not Specified
Solid Explorer File Manager,Address,Not Specified
Proton Drive: Cloud Storage,Address,Not Specified
ESuper File Explorer,Address,Not Specified
Lightroom Photo & Video Editor,Address,Not Specified
Photoshop Express Photo Editor,Address,Not Specified
ToonMe - cartoons from photos,Address,Not Specified
Background Eraser,Address,Not Specified
NewProfilePic: Profile Picture,Address,Not Specified
Film Maker Pro - Movie Maker,Address,Not Specified
eBay: Online Shopping Deals,Address,Not Specified
pixiv,Address,Not Specified
noteit widget - by sendit,Address,Not Specified
REALITY-Become an Anime Avatar,Address,Not Specified
GeForce NOW Cloud Gaming,Address,Not Specified
Namso Gen,Address,Not Specified
Adobe Express: Graphic Design,Email address,Not Specified
LuLuApp,Email address,Not Specified
Google Play Books & Audiobooks,Email address,Not Specified
Talkatone: Texting & Calling,Email address,Not Specified
"UC Browser-Safe, Fast, Private",Email address,Not Specified
Telegram,Email address,Not Specified
"UC Mini-Download Video Status ",Email address,Not Specified
"Fotka - dating, chat and flirt",Email address,Not Specified
Pinterest,Email address,Not Specified
Google Home,Email address,Not Specified
File Manager,Email address,Not Specified
Proton Drive: Cloud Storage,Email address,Not Specified
Background Eraser,Email address,Not Specified
NewProfilePic: Profile Picture,Email address,Not Specified
Film Maker Pro - Movie Maker,Email address,Not Specified
eBay: Online Shopping Deals,Email address,Not Specified
pixiv,Email address,Not Specified
noteit widget - by sendit,Email address,Not Specified
GeForce NOW Cloud Gaming,Email address,Not Specified
Microsoft Teams,Photos,Not Specified
Telegram,Photos,Not Specified
Messenger Kids – The Messaging,Photos,Not Specified
buzzArab Arab & Muslim Dating,Photos,Not Specified
Microsoft OneDrive,Photos,Not Specified
Lightroom Photo & Video Editor,Photos,Not Specified
Open Camera,Photos,Not Specified
ToonMe - cartoons from photos,Photos,Not Specified
NewProfilePic: Profile Picture,Photos,Not Specified
Microsoft Word: Edit Documents,Photos,Not Specified
Microsoft PowerPoint,Photos,Not Specified
Microsoft Excel: Spreadsheets,Photos,Not Specified
Microsoft Outlook,Photos,Not Specified
Microsoft SwiftKey AI Keyboard,Photos,Not Specified
Microsoft OneDrive,Photos,Not Specified
noteit widget - by sendit,Photos,Not Specified
Cx File Explorer,Photos,Not Specified
LuLuApp,Phone number,Not Specified
Google Play Books & Audiobooks,Phone number,Not Specified
tellows - Caller ID & Block,Phone number,Not Specified
Telegram,Phone number,Not Specified
"Fotka - dating, chat and flirt",Phone number,Not Specified
TeraBox: Cloud Storage Space,Phone number,Not Specified
File Manager,Phone number,Not Specified
Film Maker Pro - Movie Maker,Phone number,Not Specified
noteit widget - by sendit,Phone number,Not Specified
REALITY-Become an Anime Avatar,Phone number,Not Specified
GeForce NOW Cloud Gaming,Phone number,Not Specified
Microsoft Teams,Videos,Not Specified
Telegram,Videos,Not Specified
Messenger Kids – The Messaging,Videos,Not Specified
buzzArab Arab & Muslim Dating,Videos,Not Specified
Open Camera,Videos,Not Specified
Microsoft Word: Edit Documents,Videos,Not Specified
Microsoft PowerPoint,Videos,Not Specified
Microsoft Excel: Spreadsheets,Videos,Not Specified
Microsoft Outlook,Videos,Not Specified
Microsoft OneDrive,Videos,Not Specified
Microsoft Teams,Contacts,Not Specified
LinkedIn: Jobs & Business News,Contacts,Not Specified
Telegram,Contacts,Not Specified
Skype,Contacts,Not Specified
"Fotka - dating, chat and flirt",Contacts,Not Specified
Microsoft OneDrive,Contacts,Not Specified
Microsoft Word: Edit Documents,Contacts,Not Specified
Microsoft PowerPoint,Contacts,Not Specified
Microsoft Excel: Spreadsheets,Contacts,Not Specified
Microsoft Outlook,Contacts,Not Specified
Microsoft SwiftKey AI Keyboard,Contacts,Not Specified
Microsoft OneDrive,Contacts,Not Specified
noteit widget - by sendit,Contacts,Not Specified
Psiphon Pro,Emails,Not Specified
Skype,Emails,Not Specified
Microsoft Word: Edit Documents,Emails,Not Specified
Microsoft Outlook,Emails,Not Specified
"SmartCanucks - Flyers, Deals &",Emails,Not Specified
pixiv,Emails,Not Specified
Solid Explorer File Manager,Crash logs,Not Specified
Photo Editor,Precise location,Not Specified
ESuper File Explorer,Installed apps,Not Specified
Chikii-Play PC Games,Installed apps,Not Specified
Cx File Explorer,Installed apps,Not Specified
WKYC Weather,Other info,Not Specified
App,Data Type,Result
MexicanCupid: Mexican Dating,Name,Shared
MySmartE,Name,Shared
Icedrive #Secure Cloud Storage,Name,Shared
Photo Editor Pro - Polish,Name,Shared
Adobe Acrobat Reader: Edit PDF,Name,Shared
PaperColor,Address,Shared
Ulta Beauty: Makeup & Skincare,Address,Shared
LINE: Calls & Messages,Address,Shared
MySmartE,Address,Shared
Photo Editor Pro - Polish,Address,Shared
LINE: Calls & Messages,Email address,Shared
MySmartE,Email address,Shared
Photo Editor Pro - Polish,Email address,Shared
Bazaart Photo Editor & Design,Photos,Shared
Intune Company Portal,Photos,Shared
LINE: Calls & Messages,Phone number,Shared
Intune Company Portal,Videos,Shared
Spdate - meet singles nearby o,Videos,Shared
Intune Company Portal,Contacts,Shared
LINE: Calls & Messages,Contacts,Shared
Intune Company Portal,Emails,Shared
tinyCam Monitor,Crash logs,Shared
Moon+ Reader,Name,Unknown
Microsoft 365 (Office),Name,Unknown
textPlus: Text Message + Call,Name,Unknown
Moon+ Reader,Address,Unknown
A+ Gallery - Photos & Videos,Address,Unknown
textPlus: Text Message + Call,Address,Unknown
A+ Gallery - Photos & Videos,Photos,Unknown
Microsoft 365 (Office),Photos,Unknown
Microsoft 365 (Office),Videos,Unknown
Microsoft 365 (Office),Contacts,Unknown
textPlus: Text Message + Call,Contacts,Unknown
